{
  "title": "External Keyboard (PC Support)",
  "rules": [
    {
      "description": "Top/bottom of document (ctrl+home/ctrl+end)",
      "manipulators": [
        {
          "type": "basic",
          "from": {
            "key_code": "home",
            "modifiers": {
              "mandatory": [
                "command"
              ],
              "optional": [
                "any"
              ]
            }
          },
          "to": [
            {
              "key_code": "up_arrow",
              "modifiers": [
                "left_command"
              ]
            }
          ],
          "conditions": [
            {
              "type": "frontmost_application_unless",
              "bundle_identifiers": [
                "^com\\.microsoft\\.rdc$",
                "^com\\.microsoft\\.rdc\\.mac$",
                "^com\\.microsoft\\.rdc\\.macos$",
                "^com\\.microsoft\\.rdc\\.osx\\.beta$",
                "^com\\.microsoft\\.Outlook$",
                "^com\\.microsoft\\.Word$",
                "^com\\.microsoft\\.Powerpoint$",
                "^com\\.microsoft\\.Excel$",
                "^com\\.microsoft\\.teams$",
                "^com\\.google\\.android\\.studio$",
                "^net\\.sf\\.cord$",
                "^com\\.thinomenon\\.RemoteDesktopConnection$",
                "^com\\.itap-mobile\\.qmote$",
                "^com\\.nulana\\.remotixmac$",
                "^com\\.p5sys\\.jump\\.mac\\.viewer$",
                "^com\\.p5sys\\.jump\\.mac\\.viewer\\.web$",
                "^com\\.teamviewer\\.TeamViewer$",
                "^com\\.vmware\\.horizon$",
                "^com\\.2X\\.Client\\.Mac$",
                "^com\\.vmware\\.fusion$",
                "^com\\.vmware\\.horizon$",
                "^com\\.vmware\\.view$",
                "^com\\.parallels\\.desktop$",
                "^com\\.parallels\\.vm$",
                "^com\\.parallels\\.desktop\\.console$",
                "^org\\.virtualbox\\.app\\.VirtualBoxVM$",
                "^com\\.citrix\\.XenAppViewer$",
                "^com\\.vmware\\.proxyApp\\.",
                "^com\\.parallels\\.winapp\\."
              ]
            }
          ]
        },
        {
          "type": "basic",
          "from": {
            "key_code": "end",
            "modifiers": {
              "mandatory": [
                "command"
              ],
              "optional": [
                "any"
              ]
            }
          },
          "to": [
            {
              "key_code": "down_arrow",
              "modifiers": [
                "left_command"
              ]
            }
          ],
          "conditions": [
            {
              "type": "frontmost_application_unless",
              "bundle_identifiers": [
                "^com\\.microsoft\\.rdc$",
                "^com\\.microsoft\\.rdc\\.mac$",
                "^com\\.microsoft\\.rdc\\.macos$",
                "^com\\.microsoft\\.rdc\\.osx\\.beta$",
                "^com\\.microsoft\\.Outlook$",
                "^com\\.microsoft\\.Word$",
                "^com\\.microsoft\\.Powerpoint$",
                "^com\\.microsoft\\.Excel$",
                "^com\\.microsoft\\.teams$",
                "^com\\.google\\.android\\.studio$",
                "^net\\.sf\\.cord$",
                "^com\\.thinomenon\\.RemoteDesktopConnection$",
                "^com\\.itap-mobile\\.qmote$",
                "^com\\.nulana\\.remotixmac$",
                "^com\\.p5sys\\.jump\\.mac\\.viewer$",
                "^com\\.p5sys\\.jump\\.mac\\.viewer\\.web$",
                "^com\\.teamviewer\\.TeamViewer$",
                "^com\\.vmware\\.horizon$",
                "^com\\.2X\\.Client\\.Mac$",
                "^com\\.vmware\\.fusion$",
                "^com\\.vmware\\.horizon$",
                "^com\\.vmware\\.view$",
                "^com\\.parallels\\.desktop$",
                "^com\\.parallels\\.vm$",
                "^com\\.parallels\\.desktop\\.console$",
                "^org\\.virtualbox\\.app\\.VirtualBoxVM$",
                "^com\\.citrix\\.XenAppViewer$",
                "^com\\.vmware\\.proxyApp\\.",
                "^com\\.parallels\\.winapp\\."
              ]
            }
          ]
        }
      ]
    },
    {
      "description": "Home/end keys to the beginning/end line",
      "manipulators": [
        {
          "type": "basic",
          "from": {
            "key_code": "home",
            "modifiers": {
              "optional": [
                "any"
              ]
            }
          },
          "to": [
            {
              "key_code": "a",
              "modifiers": [
                "left_control"
              ]
            }
          ],
          "conditions": [
            {
              "type": "frontmost_application_unless",
              "bundle_identifiers": [
                "^com\\.microsoft\\.rdc$",
                "^com\\.microsoft\\.rdc\\.mac$",
                "^com\\.microsoft\\.rdc\\.macos$",
                "^com\\.microsoft\\.rdc\\.osx\\.beta$",
                "^com\\.microsoft\\.Outlook$",
                "^com\\.microsoft\\.Word$",
                "^com\\.microsoft\\.Powerpoint$",
                "^com\\.microsoft\\.Excel$",
                "^com\\.microsoft\\.teams$",
                "^com\\.microsoft\\.VSCode$",
                "^org\\.eclipse\\.platform\\.ide$",
                "^com\\.google\\.android\\.studio$",
                "^net\\.sf\\.cord$",
                "^com\\.thinomenon\\.RemoteDesktopConnection$",
                "^com\\.itap-mobile\\.qmote$",
                "^com\\.nulana\\.remotixmac$",
                "^com\\.p5sys\\.jump\\.mac\\.viewer$",
                "^com\\.p5sys\\.jump\\.mac\\.viewer\\.web$",
                "^com\\.teamviewer\\.TeamViewer$",
                "^com\\.vmware\\.horizon$",
                "^com\\.2X\\.Client\\.Mac$",
                "^com\\.vmware\\.fusion$",
                "^com\\.vmware\\.horizon$",
                "^com\\.vmware\\.view$",
                "^com\\.parallels\\.desktop$",
                "^com\\.parallels\\.vm$",
                "^com\\.parallels\\.desktop\\.console$",
                "^org\\.virtualbox\\.app\\.VirtualBoxVM$",
                "^com\\.citrix\\.XenAppViewer$",
                "^com\\.vmware\\.proxyApp\\.",
                "^com\\.parallels\\.winapp\\."
              ]
            }
          ]
        },
        {
          "type": "basic",
          "from": {
            "key_code": "home",
            "modifiers": {
              "optional": [
                "any"
              ]
            }
          },
          "to": [
            {
              "key_code": "left_arrow",
              "modifiers": [
                "left_command"
              ]
            }
          ],
          "conditions": [
            {
              "type": "frontmost_application_if",
              "bundle_identifiers": [
                "^com\\.microsoft\\.Outlook$",
                "^com\\.microsoft\\.Word$",
                "^com\\.microsoft\\.Powerpoint$",
                "^com\\.microsoft\\.Excel$",
                "^com\\.microsoft\\.teams$",
                "^com\\.microsoft\\.VSCode$",
                "^org\\.eclipse\\.platform\\.ide$",
                "^com\\.google\\.android\\.studio$"
              ]
            }
          ]
        },
        {
          "type": "basic",
          "from": {
            "key_code": "end",
            "modifiers": {
              "optional": [
                "any"
              ]
            }
          },
          "to": [
            {
              "key_code": "e",
              "modifiers": [
                "right_control"
              ]
            }
          ],
          "conditions": [
            {
              "type": "frontmost_application_unless",
              "bundle_identifiers": [
                "^com\\.microsoft\\.rdc$",
                "^com\\.microsoft\\.rdc\\.mac$",
                "^com\\.microsoft\\.rdc\\.macos$",
                "^com\\.microsoft\\.rdc\\.osx\\.beta$",
                "^com\\.microsoft\\.Outlook$",
                "^com\\.microsoft\\.Word$",
                "^com\\.microsoft\\.Powerpoint$",
                "^com\\.microsoft\\.Excel$",
                "^com\\.microsoft\\.teams$",
                "^com\\.microsoft\\.VSCode$",
                "^org\\.eclipse\\.platform\\.ide$",
                "^com\\.google\\.android\\.studio$",
                "^net\\.sf\\.cord$",
                "^com\\.thinomenon\\.RemoteDesktopConnection$",
                "^com\\.itap-mobile\\.qmote$",
                "^com\\.nulana\\.remotixmac$",
                "^com\\.p5sys\\.jump\\.mac\\.viewer$",
                "^com\\.p5sys\\.jump\\.mac\\.viewer\\.web$",
                "^com\\.teamviewer\\.TeamViewer$",
                "^com\\.vmware\\.horizon$",
                "^com\\.2X\\.Client\\.Mac$",
                "^com\\.vmware\\.fusion$",
                "^com\\.vmware\\.horizon$",
                "^com\\.vmware\\.view$",
                "^com\\.parallels\\.desktop$",
                "^com\\.parallels\\.vm$",
                "^com\\.parallels\\.desktop\\.console$",
                "^org\\.virtualbox\\.app\\.VirtualBoxVM$",
                "^com\\.citrix\\.XenAppViewer$",
                "^com\\.vmware\\.proxyApp\\.",
                "^com\\.parallels\\.winapp\\."
              ]
            }
          ]
        },
        {
          "type": "basic",
          "from": {
            "key_code": "end",
            "modifiers": {
              "optional": [
                "any"
              ]
            }
          },
          "to": [
            {
              "key_code": "right_arrow",
              "modifiers": [
                "left_command"
              ]
            }
          ],
          "conditions": [
            {
              "type": "frontmost_application_if",
              "bundle_identifiers": [
                "^com\\.microsoft\\.Outlook$",
                "^com\\.microsoft\\.Word$",
                "^com\\.microsoft\\.Powerpoint$",
                "^com\\.microsoft\\.Excel$",
                "^com\\.microsoft\\.teams$",
                "^com\\.microsoft\\.VSCode$",
                "^org\\.eclipse\\.platform\\.ide$",
                "^com\\.google\\.android\\.studio$"
              ]
            }
          ]
        }
      ]
    },
    {
      "description": "Move by word (command+right/command+left)",
      "manipulators": [
        {
          "type": "basic",
          "from": {
            "key_code": "right_arrow",
            "modifiers": {
              "mandatory": [
                "command"
              ],
              "optional": [
                "any"
              ]
            }
          },
          "to": [
            {
              "key_code": "right_arrow",
              "modifiers": [
                "left_option"
              ]
            }
          ],
          "conditions": [
            {
              "type": "frontmost_application_unless",
              "bundle_identifiers": [
                "^com\\.microsoft\\.rdc$",
                "^com\\.microsoft\\.rdc\\.mac$",
                "^com\\.microsoft\\.rdc\\.macos$",
                "^com\\.microsoft\\.rdc\\.osx\\.beta$",
                "^com\\.microsoft\\.Outlook$",
                "^com\\.microsoft\\.Word$",
                "^com\\.microsoft\\.Powerpoint$",
                "^com\\.microsoft\\.Excel$",
                "^com\\.microsoft\\.teams$",
                "^net\\.sf\\.cord$",
                "^com\\.thinomenon\\.RemoteDesktopConnection$",
                "^com\\.itap-mobile\\.qmote$",
                "^com\\.nulana\\.remotixmac$",
                "^com\\.p5sys\\.jump\\.mac\\.viewer$",
                "^com\\.p5sys\\.jump\\.mac\\.viewer\\.web$",
                "^com\\.teamviewer\\.TeamViewer$",
                "^com\\.vmware\\.horizon$",
                "^com\\.2X\\.Client\\.Mac$",
                "^com\\.vmware\\.fusion$",
                "^com\\.vmware\\.horizon$",
                "^com\\.vmware\\.view$",
                "^com\\.parallels\\.desktop$",
                "^com\\.parallels\\.vm$",
                "^com\\.parallels\\.desktop\\.console$",
                "^org\\.virtualbox\\.app\\.VirtualBoxVM$",
                "^com\\.citrix\\.XenAppViewer$",
                "^com\\.vmware\\.proxyApp\\.",
                "^com\\.parallels\\.winapp\\."
              ]
            }
          ]
        },
        {
          "type": "basic",
          "from": {
            "key_code": "right_arrow",
            "modifiers": {
              "mandatory": [
                "command"
              ],
              "optional": [
                "any"
              ]
            }
          },
          "to": [
            {
              "key_code": "right_arrow",
              "modifiers": [
                "left_alt"
              ]
            }
          ],
          "conditions": [
            {
              "type": "frontmost_application_if",
              "bundle_identifiers": [
                "^com\\.microsoft\\.Outlook$",
                "^com\\.microsoft\\.Word$",
                "^com\\.microsoft\\.Powerpoint$",
                "^com\\.microsoft\\.Excel$",
                "^com\\.microsoft\\.teams$"
              ]
            }
          ]
        },
        {
          "type": "basic",
          "from": {
            "key_code": "left_arrow",
            "modifiers": {
              "mandatory": [
                "command"
              ],
              "optional": [
                "any"
              ]
            }
          },
          "to": [
            {
              "key_code": "left_arrow",
              "modifiers": [
                "left_option"
              ]
            }
          ],
          "conditions": [
            {
              "type": "frontmost_application_unless",
              "bundle_identifiers": [
                "^com\\.microsoft\\.rdc$",
                "^com\\.microsoft\\.rdc\\.mac$",
                "^com\\.microsoft\\.rdc\\.macos$",
                "^com\\.microsoft\\.rdc\\.osx\\.beta$",
                "^com\\.microsoft\\.Outlook$",
                "^com\\.microsoft\\.Word$",
                "^com\\.microsoft\\.Powerpoint$",
                "^com\\.microsoft\\.Excel$",
                "^com\\.microsoft\\.teams$",
                "^net\\.sf\\.cord$",
                "^com\\.thinomenon\\.RemoteDesktopConnection$",
                "^com\\.itap-mobile\\.qmote$",
                "^com\\.nulana\\.remotixmac$",
                "^com\\.p5sys\\.jump\\.mac\\.viewer$",
                "^com\\.p5sys\\.jump\\.mac\\.viewer\\.web$",
                "^com\\.teamviewer\\.TeamViewer$",
                "^com\\.vmware\\.horizon$",
                "^com\\.2X\\.Client\\.Mac$",
                "^com\\.vmware\\.fusion$",
                "^com\\.vmware\\.horizon$",
                "^com\\.vmware\\.view$",
                "^com\\.parallels\\.desktop$",
                "^com\\.parallels\\.vm$",
                "^com\\.parallels\\.desktop\\.console$",
                "^org\\.virtualbox\\.app\\.VirtualBoxVM$",
                "^com\\.citrix\\.XenAppViewer$",
                "^com\\.vmware\\.proxyApp\\.",
                "^com\\.parallels\\.winapp\\."
              ]
            }
          ]
        },
        {
          "type": "basic",
          "from": {
            "key_code": "left_arrow",
            "modifiers": {
              "mandatory": [
                "command"
              ],
              "optional": [
                "any"
              ]
            }
          },
          "to": [
            {
              "key_code": "left_arrow",
              "modifiers": [
                "left_alt"
              ]
            }
          ],
          "conditions": [
            {
              "type": "frontmost_application_if",
              "bundle_identifiers": [
                "^com\\.microsoft\\.Outlook$",
                "^com\\.microsoft\\.Word$",
                "^com\\.microsoft\\.Powerpoint$",
                "^com\\.microsoft\\.Excel$",
                "^com\\.microsoft\\.teams$"
              ]
            }
          ]
        }
      ]
    },
    {
      "description": "Swap Control <-> Command",
      "manipulators": [
        {
          "type": "basic",
          "from": {
            "key_code": "left_control",
            "modifiers": {
              "optional": [
                "any"
              ]
            }
          },
          "to": [
            {
              "key_code": "left_command"
            }
          ],
          "conditions": [
            {
              "type": "frontmost_application_unless",
              "bundle_identifiers": [
                "^com\\.microsoft\\.rdc$",
                "^com\\.microsoft\\.rdc\\.mac$",
                "^com\\.microsoft\\.rdc\\.macos$",
                "^com\\.microsoft\\.rdc\\.osx\\.beta$",
                "^com\\.microsoft\\.Outlook$",
                "^com\\.microsoft\\.Word$",
                "^com\\.microsoft\\.Powerpoint$",
                "^com\\.microsoft\\.Excel$",
                "^net\\.sf\\.cord$",
                "^com\\.thinomenon\\.RemoteDesktopConnection$",
                "^com\\.itap-mobile\\.qmote$",
                "^com\\.nulana\\.remotixmac$",
                "^com\\.p5sys\\.jump\\.mac\\.viewer$",
                "^com\\.p5sys\\.jump\\.mac\\.viewer\\.web$",
                "^com\\.teamviewer\\.TeamViewer$",
                "^com\\.vmware\\.horizon$",
                "^com\\.2X\\.Client\\.Mac$",
                "^com\\.vmware\\.fusion$",
                "^com\\.vmware\\.horizon$",
                "^com\\.vmware\\.view$",
                "^com\\.parallels\\.desktop$",
                "^com\\.parallels\\.vm$",
                "^com\\.parallels\\.desktop\\.console$",
                "^org\\.virtualbox\\.app\\.VirtualBoxVM$",
                "^com\\.citrix\\.XenAppViewer$",
                "^com\\.vmware\\.proxyApp\\.",
                "^com\\.parallels\\.winapp\\."
              ]
            }
          ]
        },
        {
          "type": "basic",
          "from": {
            "key_code": "left_command",
            "modifiers": {
              "optional": [
                "any"
              ]
            }
          },
          "to": [
            {
              "key_code": "left_control"
            }
          ],
          "conditions": [
            {
              "type": "frontmost_application_unless",
              "bundle_identifiers": [
                "^com\\.microsoft\\.rdc$",
                "^com\\.microsoft\\.rdc\\.mac$",
                "^com\\.microsoft\\.rdc\\.macos$",
                "^com\\.microsoft\\.rdc\\.osx\\.beta$",
                "^com\\.microsoft\\.Outlook$",
                "^com\\.microsoft\\.Word$",
                "^com\\.microsoft\\.Powerpoint$",
                "^com\\.microsoft\\.Excel$",
                "^com\\.microsoft\\.teams$",
                "^com\\.microsoft\\.VSCode$",
                "^net\\.sf\\.cord$",
                "^com\\.thinomenon\\.RemoteDesktopConnection$",
                "^com\\.itap-mobile\\.qmote$",
                "^com\\.nulana\\.remotixmac$",
                "^com\\.p5sys\\.jump\\.mac\\.viewer$",
                "^com\\.p5sys\\.jump\\.mac\\.viewer\\.web$",
                "^com\\.teamviewer\\.TeamViewer$",
                "^com\\.vmware\\.horizon$",
                "^com\\.2X\\.Client\\.Mac$",
                "^com\\.vmware\\.fusion$",
                "^com\\.vmware\\.horizon$",
                "^com\\.vmware\\.view$",
                "^com\\.parallels\\.desktop$",
                "^com\\.parallels\\.vm$",
                "^com\\.parallels\\.desktop\\.console$",
                "^org\\.virtualbox\\.app\\.VirtualBoxVM$",
                "^com\\.citrix\\.XenAppViewer$",
                "^com\\.vmware\\.proxyApp\\.",
                "^com\\.parallels\\.winapp\\."
              ]
            }
          ]
        },
        {
          "type": "basic",
          "from": {
            "key_code": "right_control",
            "modifiers": {
              "optional": [
                "any"
              ]
            }
          },
          "to": [
            {
              "key_code": "right_command"
            }
          ],
          "conditions": [
            {
              "type": "frontmost_application_unless",
              "bundle_identifiers": [
                "^com\\.microsoft\\.rdc$",
                "^com\\.microsoft\\.rdc\\.mac$",
                "^com\\.microsoft\\.rdc\\.macos$",
                "^com\\.microsoft\\.rdc\\.osx\\.beta$",
                "^com\\.microsoft\\.Outlook$",
                "^com\\.microsoft\\.Word$",
                "^com\\.microsoft\\.Powerpoint$",
                "^com\\.microsoft\\.Excel$",
                "^com\\.microsoft\\.teams$",
                "^com\\.microsoft\\.VSCode$",
                "^net\\.sf\\.cord$",
                "^com\\.thinomenon\\.RemoteDesktopConnection$",
                "^com\\.itap-mobile\\.qmote$",
                "^com\\.nulana\\.remotixmac$",
                "^com\\.p5sys\\.jump\\.mac\\.viewer$",
                "^com\\.p5sys\\.jump\\.mac\\.viewer\\.web$",
                "^com\\.teamviewer\\.TeamViewer$",
                "^com\\.vmware\\.horizon$",
                "^com\\.2X\\.Client\\.Mac$",
                "^com\\.vmware\\.fusion$",
                "^com\\.vmware\\.horizon$",
                "^com\\.vmware\\.view$",
                "^com\\.parallels\\.desktop$",
                "^com\\.parallels\\.vm$",
                "^com\\.parallels\\.desktop\\.console$",
                "^org\\.virtualbox\\.app\\.VirtualBoxVM$",
                "^com\\.citrix\\.XenAppViewer$",
                "^com\\.vmware\\.proxyApp\\.",
                "^com\\.parallels\\.winapp\\."
              ]
            }
          ]
        },
        {
          "type": "basic",
          "from": {
            "key_code": "right_command",
            "modifiers": {
              "optional": [
                "any"
              ]
            }
          },
          "to": [
            {
              "key_code": "right_control"
            }
          ],
          "conditions": [
            {
              "type": "frontmost_application_unless",
              "bundle_identifiers": [
                "^com\\.microsoft\\.rdc$",
                "^com\\.microsoft\\.rdc\\.mac$",
                "^com\\.microsoft\\.rdc\\.macos$",
                "^com\\.microsoft\\.rdc\\.osx\\.beta$",
                "^com\\.microsoft\\.Outlook$",
                "^com\\.microsoft\\.Word$",
                "^com\\.microsoft\\.Powerpoint$",
                "^com\\.microsoft\\.Excel$",
                "^com\\.microsoft\\.teams$",
                "^com\\.microsoft\\.VSCode$",
                "^net\\.sf\\.cord$",
                "^com\\.thinomenon\\.RemoteDesktopConnection$",
                "^com\\.itap-mobile\\.qmote$",
                "^com\\.nulana\\.remotixmac$",
                "^com\\.p5sys\\.jump\\.mac\\.viewer$",
                "^com\\.p5sys\\.jump\\.mac\\.viewer\\.web$",
                "^com\\.teamviewer\\.TeamViewer$",
                "^com\\.vmware\\.horizon$",
                "^com\\.2X\\.Client\\.Mac$",
                "^com\\.vmware\\.fusion$",
                "^com\\.vmware\\.horizon$",
                "^com\\.vmware\\.view$",
                "^com\\.parallels\\.desktop$",
                "^com\\.parallels\\.vm$",
                "^com\\.parallels\\.desktop\\.console$",
                "^org\\.virtualbox\\.app\\.VirtualBoxVM$",
                "^com\\.citrix\\.XenAppViewer$",
                "^com\\.vmware\\.proxyApp\\.",
                "^com\\.parallels\\.winapp\\."
              ]
            }
          ]
        }
      ]
    },
    {
      "description": "German mapping for AltGr ([]{}/~|@)",
      "manipulators": [
        {
          "type": "basic",
          "from": {
            "key_code": "8",
            "modifiers": {
              "mandatory": [ "right_option" ],
              "optional":  [ "any" ]
            }
          },
          "to": [
            {
              "key_code": "5",
              "modifiers": ["left_option"]
            }
          ]
        },
        {
          "type": "basic",
          "from": {
            "key_code": "9",
            "modifiers": {
              "mandatory": [ "right_option" ],
              "optional":  [ "any" ]
            }
          },
          "to": [
            {
              "key_code": "6",
              "modifiers": ["left_option"]
            }
          ]
        },
        {
          "type": "basic",
          "from": {
            "key_code": "7",
            "modifiers": {
              "mandatory": [ "right_option" ],
              "optional":  [ "any" ]
            }
          },
          "to": [
            {
              "key_code": "8",
              "modifiers": ["left_option"]
            }
          ]
        },
        {
          "type": "basic",
          "from": {
            "key_code": "0",
            "modifiers": {
              "mandatory": [ "right_option" ],
              "optional":  [ "any" ]
            }
          },
          "to": [
            {
              "key_code": "9",
              "modifiers": ["left_option"]
            }
          ]
        },
        {
          "type": "basic",
          "from": {
            "key_code": "hyphen",
            "modifiers": {
              "mandatory": [ "right_option" ],
              "optional":  [ "any" ]
            }
          },
          "to": [
            {
              "key_code": "7",
              "modifiers": ["left_shift", "left_option"]
            }
          ]
        },
        {
          "type": "basic",
          "from": {
            "key_code": "close_bracket",
            "modifiers": {
              "mandatory": [ "right_option" ],
              "optional":  [ "any" ]
            }
          },
          "to": [
            {
              "key_code": "n",
              "modifiers": ["left_option"]
            }
          ]
        },
        {
          "type": "basic",
          "from": {
            "key_code": "non_us_backslash",
            "modifiers": {
              "mandatory": [ "right_option" ],
              "optional":  [ "any" ]
            }
          },
          "to": [
            {
              "key_code": "7",
              "modifiers": ["left_option"]
            }
          ]
        },
        {
          "type": "basic",
          "from": {
            "key_code": "q",
            "modifiers": {
              "mandatory": [ "right_option" ],
              "optional":  [ "any" ]
            }
          },
          "to": [
            {
              "key_code": "l",
              "modifiers": ["left_option"]
            }
          ]
        }
      ]
    },
    {
      "description": "Code completion (Control-Space)",
      "manipulators": [
        {
          "type": "basic",
          "from": {
            "key_code": "spacebar",
            "modifiers": {
              "mandatory": [ "command" ],
              "optional":  [ "any" ]
            }
          },
          "to": [
            {
              "key_code": "spacebar",
              "modifiers": { "mandatory": "control" }
            }
          ]
        }
      ]
    },
    {
      "description": "Control-D",
      "manipulators": [
        {
          "type": "basic",
          "from": {
            "key_code": "d",
            "modifiers": {
              "mandatory": [ "command" ],
              "optional":  [ "any" ]
            }
          },
          "to": [
            {
              "key_code": "d",
              "modifiers": { "mandatory": "control" }
            }
          ]
        }
      ]
    },
    {
      "description": "Swap <> and ^° (only if external keyboard mapped wrong)",
      "manipulators": [
        {
          "type": "basic",
          "from": {
            "key_code": "non_us_backslash",
            "modifiers": {
              "mandatory": [ "shift" ],
              "optional":  [ "any" ]
            }
          },
          "to": [
            {
              "key_code": "grave_accent_and_tilde",
              "modifiers": { "mandatory": "shift" }
            }
          ],
          "conditions": [
            {
              "type": "keyboard_type_if",
              "keyboard_types": [
                "ansi"
              ]
            }
          ]
        },
        {
          "type": "basic",
          "from": {
            "key_code": "non_us_backslash"
          },
          "to": [
            {
              "key_code": "grave_accent_and_tilde"
            }
          ],
          "conditions": [
            {
              "type": "keyboard_type_if",
              "keyboard_types": [
                "ansi"
              ]
            }
          ]
        },
        {
          "type": "basic",
          "from": {
            "key_code": "grave_accent_and_tilde",
            "modifiers": {
              "mandatory": [ "shift" ],
              "optional":  [ "any" ]
            }
          },
          "to": [
            {
              "key_code": "non_us_backslash",
              "modifiers": { "mandatory": "shift" }
            }
          ],
          "conditions": [
            {
              "type": "keyboard_type_if",
              "keyboard_types": [
                "ansi"
              ]
            }
          ]
        },
        {
          "type": "basic",
          "from": {
            "key_code": "grave_accent_and_tilde"
          },
          "to": [
            {
              "key_code": "non_us_backslash"
            }
          ],
          "conditions": [
            {
              "type": "keyboard_type_if",
              "keyboard_types": [
                "ansi"
              ]
            }
          ]
        }
      ]
    }
  ]
}
