<?xml version='1.0' encoding='UTF-8'?><profile><name>Devon Web</name><language>web</language><rules><rule><repositoryKey>Web</repositoryKey><key>AvoidCommentedOutCodeCheck</key><priority>MAJOR</priority><parameters/></rule><rule><repositoryKey>Web</repositoryKey><key>BoldAndItalicTagsCheck</key><priority>MINOR</priority><parameters/></rule><rule><repositoryKey>Web</repositoryKey><key>DoctypePresenceCheck</key><priority>MAJOR</priority><parameters/></rule><rule><repositoryKey>Web</repositoryKey><key>FieldsetWithoutLegendCheck</key><priority>MINOR</priority><parameters/></rule><rule><repositoryKey>Web</repositoryKey><key>FileLengthCheck</key><priority>MAJOR</priority><parameters><parameter><key>maxLength</key><value>1000</value></parameter></parameters></rule><rule><repositoryKey>Web</repositoryKey><key>FlashUsesBothObjectAndEmbedCheck</key><priority>MINOR</priority><parameters/></rule><rule><repositoryKey>Web</repositoryKey><key>FrameWithoutTitleCheck</key><priority>MINOR</priority><parameters/></rule><rule><repositoryKey>Web</repositoryKey><key>ImgWithoutAltCheck</key><priority>MINOR</priority><parameters/></rule><rule><repositoryKey>Web</repositoryKey><key>ItemTagNotWithinContainerTagCheck</key><priority>MINOR</priority><parameters/></rule><rule><repositoryKey>Web</repositoryKey><key>LinkToImageCheck</key><priority>MAJOR</priority><parameters/></rule><rule><repositoryKey>Web</repositoryKey><key>MetaRefreshCheck</key><priority>MAJOR</priority><parameters/></rule><rule><repositoryKey>Web</repositoryKey><key>PageWithoutFaviconCheck</key><priority>MAJOR</priority><parameters/></rule><rule><repositoryKey>Web</repositoryKey><key>PageWithoutTitleCheck</key><priority>MAJOR</priority><parameters/></rule><rule><repositoryKey>Web</repositoryKey><key>S1827</key><priority>MAJOR</priority><parameters/></rule><rule><repositoryKey>Web</repositoryKey><key>ServerSideImageMapsCheck</key><priority>MINOR</priority><parameters/></rule><rule><repositoryKey>Web</repositoryKey><key>UnsupportedTagsInHtml5Check</key><priority>MAJOR</priority><parameters/></rule></rules></profile>