<?xml version='1.0' encoding='UTF-8'?><profile><name>Devon JavaScript</name><language>js</language><rules><rule><repositoryKey>javascript</repositoryKey><key>BitwiseOperators</key><priority>MAJOR</priority><parameters/></rule><rule><repositoryKey>javascript</repositoryKey><key>BoundOrAssignedEvalOrArguments</key><priority>MAJOR</priority><parameters/></rule><rule><repositoryKey>javascript</repositoryKey><key>DebuggerStatement</key><priority>MINOR</priority><parameters/></rule><rule><repositoryKey>javascript</repositoryKey><key>DuplicateFunctionArgument</key><priority>MAJOR</priority><parameters/></rule><rule><repositoryKey>javascript</repositoryKey><key>DuplicatePropertyName</key><priority>MAJOR</priority><parameters/></rule><rule><repositoryKey>javascript</repositoryKey><key>EmptyBlock</key><priority>MAJOR</priority><parameters/></rule><rule><repositoryKey>javascript</repositoryKey><key>Eval</key><priority>CRITICAL</priority><parameters/></rule><rule><repositoryKey>javascript</repositoryKey><key>FunctionDefinitionInsideLoop</key><priority>MAJOR</priority><parameters/></rule><rule><repositoryKey>javascript</repositoryKey><key>MultilineStringLiterals</key><priority>MINOR</priority><parameters/></rule><rule><repositoryKey>javascript</repositoryKey><key>NonEmptyCaseWithoutBreak</key><priority>BLOCKER</priority><parameters/></rule><rule><repositoryKey>javascript</repositoryKey><key>OctalNumber</key><priority>BLOCKER</priority><parameters/></rule><rule><repositoryKey>javascript</repositoryKey><key>Parentheses</key><priority>MAJOR</priority><parameters/></rule><rule><repositoryKey>javascript</repositoryKey><key>PrimitiveWrappers</key><priority>MINOR</priority><parameters/></rule><rule><repositoryKey>javascript</repositoryKey><key>S1119</key><priority>MAJOR</priority><parameters/></rule><rule><repositoryKey>javascript</repositoryKey><key>S1143</key><priority>MAJOR</priority><parameters/></rule><rule><repositoryKey>javascript</repositoryKey><key>S1219</key><priority>BLOCKER</priority><parameters/></rule><rule><repositoryKey>javascript</repositoryKey><key>S1442</key><priority>MINOR</priority><parameters/></rule><rule><repositoryKey>javascript</repositoryKey><key>S1472</key><priority>MINOR</priority><parameters/></rule><rule><repositoryKey>javascript</repositoryKey><key>S1656</key><priority>MAJOR</priority><parameters/></rule><rule><repositoryKey>javascript</repositoryKey><key>S1751</key><priority>MAJOR</priority><parameters/></rule><rule><repositoryKey>javascript</repositoryKey><key>S1764</key><priority>MAJOR</priority><parameters/></rule><rule><repositoryKey>javascript</repositoryKey><key>S1854</key><priority>MAJOR</priority><parameters/></rule><rule><repositoryKey>javascript</repositoryKey><key>S1862</key><priority>MAJOR</priority><parameters/></rule><rule><repositoryKey>javascript</repositoryKey><key>S1871</key><priority>MAJOR</priority><parameters/></rule><rule><repositoryKey>javascript</repositoryKey><key>S2123</key><priority>MAJOR</priority><parameters/></rule><rule><repositoryKey>javascript</repositoryKey><key>S2189</key><priority>BLOCKER</priority><parameters/></rule><rule><repositoryKey>javascript</repositoryKey><key>S2201</key><priority>MAJOR</priority><parameters/></rule><rule><repositoryKey>javascript</repositoryKey><key>S2251</key><priority>MAJOR</priority><parameters/></rule><rule><repositoryKey>javascript</repositoryKey><key>S2259</key><priority>MAJOR</priority><parameters/></rule><rule><repositoryKey>javascript</repositoryKey><key>S2432</key><priority>MAJOR</priority><parameters/></rule><rule><repositoryKey>javascript</repositoryKey><key>S2583</key><priority>MAJOR</priority><parameters/></rule><rule><repositoryKey>javascript</repositoryKey><key>S2681</key><priority>MAJOR</priority><parameters/></rule><rule><repositoryKey>javascript</repositoryKey><key>S2688</key><priority>MAJOR</priority><parameters/></rule><rule><repositoryKey>javascript</repositoryKey><key>S2703</key><priority>BLOCKER</priority><parameters/></rule><rule><repositoryKey>javascript</repositoryKey><key>S2757</key><priority>MAJOR</priority><parameters/></rule><rule><repositoryKey>javascript</repositoryKey><key>S2814</key><priority>MAJOR</priority><parameters/></rule><rule><repositoryKey>javascript</repositoryKey><key>S2819</key><priority>CRITICAL</priority><parameters/></rule><rule><repositoryKey>javascript</repositoryKey><key>S2870</key><priority>MAJOR</priority><parameters/></rule><rule><repositoryKey>javascript</repositoryKey><key>S2873</key><priority>MAJOR</priority><parameters/></rule><rule><repositoryKey>javascript</repositoryKey><key>S2999</key><priority>MAJOR</priority><parameters><parameter><key>considerJSDoc</key><value>false</value></parameter></parameters></rule><rule><repositoryKey>javascript</repositoryKey><key>S3001</key><priority>MINOR</priority><parameters/></rule><rule><repositoryKey>javascript</repositoryKey><key>S3403</key><priority>MAJOR</priority><parameters/></rule><rule><repositoryKey>javascript</repositoryKey><key>S3500</key><priority>MAJOR</priority><parameters/></rule><rule><repositoryKey>javascript</repositoryKey><key>S3516</key><priority>BLOCKER</priority><parameters/></rule><rule><repositoryKey>javascript</repositoryKey><key>S3523</key><priority>CRITICAL</priority><parameters/></rule><rule><repositoryKey>javascript</repositoryKey><key>S3531</key><priority>MAJOR</priority><parameters/></rule><rule><repositoryKey>javascript</repositoryKey><key>S3579</key><priority>MAJOR</priority><parameters/></rule><rule><repositoryKey>javascript</repositoryKey><key>S3616</key><priority>MAJOR</priority><parameters/></rule><rule><repositoryKey>javascript</repositoryKey><key>S3686</key><priority>MAJOR</priority><parameters/></rule><rule><repositoryKey>javascript</repositoryKey><key>S3699</key><priority>MAJOR</priority><parameters/></rule><rule><repositoryKey>javascript</repositoryKey><key>S3782</key><priority>MAJOR</priority><parameters/></rule><rule><repositoryKey>javascript</repositoryKey><key>S3785</key><priority>CRITICAL</priority><parameters/></rule><rule><repositoryKey>javascript</repositoryKey><key>S3796</key><priority>BLOCKER</priority><parameters/></rule><rule><repositoryKey>javascript</repositoryKey><key>S3799</key><priority>MAJOR</priority><parameters/></rule><rule><repositoryKey>javascript</repositoryKey><key>S3812</key><priority>CRITICAL</priority><parameters/></rule><rule><repositoryKey>javascript</repositoryKey><key>S3828</key><priority>BLOCKER</priority><parameters/></rule><rule><repositoryKey>javascript</repositoryKey><key>S3834</key><priority>CRITICAL</priority><parameters/></rule><rule><repositoryKey>javascript</repositoryKey><key>S3854</key><priority>CRITICAL</priority><parameters/></rule><rule><repositoryKey>javascript</repositoryKey><key>S3923</key><priority>MAJOR</priority><parameters/></rule><rule><repositoryKey>javascript</repositoryKey><key>S3984</key><priority>MAJOR</priority><parameters/></rule><rule><repositoryKey>javascript</repositoryKey><key>S4043</key><priority>MAJOR</priority><parameters/></rule><rule><repositoryKey>javascript</repositoryKey><key>S905</key><priority>MAJOR</priority><parameters/></rule><rule><repositoryKey>javascript</repositoryKey><key>S930</key><priority>CRITICAL</priority><parameters/></rule><rule><repositoryKey>javascript</repositoryKey><key>UnreachableCode</key><priority>MAJOR</priority><parameters/></rule><rule><repositoryKey>javascript</repositoryKey><key>UnusedVariable</key><priority>MINOR</priority><parameters/></rule><rule><repositoryKey>javascript</repositoryKey><key>WithStatement</key><priority>MINOR</priority><parameters/></rule></rules></profile>