<?xml version="1.0" encoding="UTF-8"?>
<!DOCTYPE module PUBLIC "-//Puppy Crawl//DTD Check Configuration 1.3//EN" "http://www.puppycrawl.com/dtds/configuration_1_3.dtd">

<!--
    This configuration file was written by the eclipse-cs plugin configuration editor
-->
<!--
    Checkstyle-Configuration: devon
    Description: none
-->
<module name="Checker">
  <property name="severity" value="warning"/>
  <property name="charset" value="UTF-8"/>
  <!-- moved module LineLength, see https://checkstyle.org/releasenotes.html#Release_8.24 -->
  <module name="LineLength">
      <property name="severity" value="info"/>
      <property name="ignorePattern" value="^.*@see.*$"/>
      <property name="max" value="128"/>
  </module>
  <module name="TreeWalker">
    <!-- deleted <module name="FileContentsHolder"/>, see https://checkstyle.org/releasenotes.html#Release_8.2 -->
    <module name="ConstantName"/>
    <module name="LocalFinalVariableName"/>
    <module name="LocalVariableName"/>
    <module name="MemberName"/>
    <module name="MethodName"/>
    <module name="PackageName"/>
    <module name="ParameterName"/>
    <module name="StaticVariableName"/>
    <module name="TypeName"/>
    <module name="AvoidStarImport"/>
    <module name="IllegalImport"/>
    <module name="RedundantImport"/>
    <module name="UnusedImports"/>
    
    <module name="MethodLength">
      <property name="max" value="250"/>
      <property name="countEmpty" value="false"/>
    </module>
    <module name="ParameterNumber"/>
    <module name="EmptyForIteratorPad"/>
    <module name="MethodParamPad"/>
    <module name="NoWhitespaceAfter">
      <property name="tokens" value="BNOT,DEC,DOT,INC,LNOT,UNARY_MINUS,UNARY_PLUS"/>
    </module>
    <module name="NoWhitespaceBefore"/>
    <module name="OperatorWrap"/>
    <module name="ParenPad"/>
    <module name="TypecastParenPad"/>
    <module name="WhitespaceAfter"/>
    <module name="WhitespaceAround">
      <property name="tokens" value="ASSIGN,BAND,BAND_ASSIGN,BOR,BOR_ASSIGN,BSR,BSR_ASSIGN,BXOR,BXOR_ASSIGN,COLON,DIV,DIV_ASSIGN,EQUAL,GE,GT,LAND,LCURLY,LE,LITERAL_ASSERT,LITERAL_CATCH,LITERAL_DO,LITERAL_ELSE,LITERAL_FINALLY,LITERAL_FOR,LITERAL_IF,LITERAL_RETURN,LITERAL_SYNCHRONIZED,LITERAL_TRY,LITERAL_WHILE,LOR,LT,MINUS,MINUS_ASSIGN,MOD,MOD_ASSIGN,NOT_EQUAL,PLUS,PLUS_ASSIGN,QUESTION,RCURLY,SL,SLIST,SL_ASSIGN,SR,SR_ASSIGN,STAR,STAR_ASSIGN,LITERAL_ASSERT,TYPE_EXTENSION_AND"/>
    </module>
    <module name="ModifierOrder"/>
    <module name="RedundantModifier">
      <property name="tokens" value="METHOD_DEF,VARIABLE_DEF,ANNOTATION_FIELD_DEF"/>
    </module>
    <module name="EmptyBlock">
      <property name="option" value="text"/>
    </module>
    <module name="LeftCurly"/>
    <module name="NeedBraces"/>
    <module name="RightCurly"/>
    <module name="AvoidNestedBlocks"/>
    <module name="CovariantEquals"/>
    <module name="EmptyStatement"/>
    <module name="EqualsHashCode"/>
    <module name="HiddenField">
      <property name="ignoreConstructorParameter" value="true"/>
      <property name="ignoreSetter" value="true"/>
    </module>
    <module name="IllegalInstantiation"/>
    <module name="InnerAssignment"/>
    <module name="MissingSwitchDefault"/>
    <module name="SimplifyBooleanExpression"/>
    <module name="SimplifyBooleanReturn"/>
    <module name="StringLiteralEquality"/>
    <module name="NestedIfDepth">
      <property name="max" value="5"/>
    </module>
    <module name="NestedTryDepth">
      <property name="max" value="5"/>
    </module>
    <module name="ParameterAssignment">
      <property name="severity" value="warning"/>
    </module>
    <module name="VisibilityModifier"/>
    <module name="SuperClone"/>
    <module name="SuperFinalize"/>
    <module name="PackageDeclaration"/>
    <module name="DeclarationOrder"/>
    <module name="DefaultComesLast"/>
    <module name="MultipleVariableDeclarations"/>
    <module name="MagicNumber">
      <property name="ignoreNumbers" value="-1, 0, 1, 2, 3, 4, 5, 6, 7, 8, 9, 10, 16, 32, 64, 100, 128, 255, 256, 1000"/>
    </module>
    <module name="FinalClass"/>
    <module name="HideUtilityClassConstructor"/>
    <module name="JavadocMethod">
      <property name="scope" value="protected"/>
    </module>
    <module name="JavadocType"/>
    <module name="JavadocVariable">
      <property name="scope" value="protected"/>
    </module>
    <module name="JavadocStyle">
      <property name="checkHtml" value="false"/>
    </module>
    <module name="UpperEll"/>
    <module name="ArrayTypeStyle"/>
    <module name="TodoComment">
      <property name="severity" value="ignore"/>
      <metadata name="net.sf.eclipsecs.core.lastEnabledSeverity" value="inherit"/>
    </module>
    <module name="BooleanExpressionComplexity">
      <property name="severity" value="info"/>
    </module>
    <module name="CyclomaticComplexity">
      <property name="severity" value="info"/>
    </module>
    <module name="RegexpSinglelineJava">
      <property name="format" value="System.(out|err).print"/>
      <property name="message" value="Use logger"/>
    </module>
    <module name="RegexpSinglelineJava">
      <property name="format" value="System.exit"/>
      <property name="message" value="Only exit from main methods (inside main() use SuppressionCommentFilter)"/>
    </module>
    <!-- moved SuppressionCommentFilter here, see https://checkstyle.org/releasenotes.html#Release_8.1 -->
    <module name="SuppressionCommentFilter">
      <property name="offCommentFormat" value="CHECKSTYLE\:OFF \([a-zA-Z].*\)"/>
    </module>
    <module name="SuppressWarningsHolder"/>
  </module>
  <module name="SuppressWarningsFilter"/>
  <module name="FileLength"/>
  <module name="FileTabCharacter"/>
  <module name="JavadocPackage">
    <property name="severity" value="info"/>
  </module>
  <module name="NewlineAtEndOfFile">
    <property name="severity" value="info"/>
    <property name="lineSeparator" value="lf"/>
  </module>
  <module name="Translation"/>
</module>
